Pais,Nome da receita,Imagem,Descrição,Link da receita
Brasil,Baião de dois,https://s2-receitas.glbimg.com/I05bUaqi4-wWPT0R0whtkQy512k=/0x0:1920x1080/984x0/smart/filters:strip_icc()/i.s3.glbimg.com/v1/AUTH_1f540e0b94d8437dbbc39d567a1dee68/internal_photos/bs/2022/y/q/Tc9638TSSSJ2ljAJaUzw/baiao-de-dois-simples.jpg,"Baião de dois é um prato típico brasileiro e consumido, principalmente, na região Nordeste. É considerado uma verdadeira explosão de sabores, já que mistura na mesma receita: arroz, feijão-fradinho, diversos tipos de carnes e é finalizado com queijo coalho",https://receitas.globo.com/tipos-de-prato/acompanhamentos/baiao-de-dois-facil-4e39c8c1c63e565a40000990.ghtml
Canadá,Poutine,https://i.s3.glbimg.com/v1/AUTH_1f540e0b94d8437dbbc39d567a1dee68/internal_photos/bs/2026/m/1/4G5pRaTKAABAdFr64DtA/poutine-2-.jpg,"Popular no Canadá, o Poutine combina batata frita, molho de carne e queijo derretido: uma mistura simples e cheia de sabor. A ideia é que o molho de carne seja servido quente e sirva para derreter o queijo, criando uma textura cremosa. É uma ótima opção de petisco e fácil de fazer.",https://receitas.globo.com/receitas-da-tv/mais-voce/poutine.ghtml
Estados Unidos,Mac and cheese,https://i.s3.glbimg.com/v1/AUTH_1f540e0b94d8437dbbc39d567a1dee68/internal_photos/bs/2021/2/G/koCqhUTiagSo7RsGuodg/mac-and-cheese.jpg,"O Mac and cheese ou macarrão com queijo, é uma das receitas mais populares dos Estados Unidos. Além de saboroso, é um prato bem fácil de fazer. O grande diferencial desta receita está no cozimento do macarrão, que ocorre quando levado ao forno junto com o molho de queijo",https://receitas.globo.com/receitas-da-tv/mais-voce/mac-and-cheese-macarrao-com-queijo.ghtml
México,Guacamole,https://i.s3.glbimg.com/v1/AUTH_1f540e0b94d8437dbbc39d567a1dee68/internal_photos/bs/2025/T/Z/teKsjORUA7HGEtaPN8Ew/guacamole-ana-maria.jpg,"O Guacamole é um prato tradicional da culinária mexicana que serve de ótimo aperitivo. A base da receita é o avocado, mas que também pode ser substituído pelo abacate. O avocado é amassado e misturado com outros ingredientes essenciais, como cebola roxa e tomate. Outros temperos também dão um gosto especial como pimenta e coentro. Pode ser servido com nachos, torradas ou tacos.",https://receitas.globo.com/tipos-de-prato/entradas/guacamole-da-laura-miranda.ghtml
África do Sul,Bobotie,https://i.s3.glbimg.com/v1/AUTH_1f540e0b94d8437dbbc39d567a1dee68/internal_photos/bs/2024/m/7/Ilk4i3RSKuAG9zy3OkSA/bobotie.jpg,Bobotie é um prato típico da culinária da África do Sul. A receita consiste em um bolo de carne moída feito com pão que combina o doce da uva-passa com os sabores marcante de damasco e amêndoa.,https://receitas.globo.com/tipos-de-prato/carnes/bobotie-prato-principal-de-carne-sul-africana-4d51528f52e0b252bc00eea8.ghtml
Alemanha,Goulash,https://s2-receitas.glbimg.com/MOj-WF9j39n1YOOQyhpN42xRAvc=/0x0:620x385/984x0/smart/filters:strip_icc()/g.glbimg.com/og/gs/gsat5/f/thumbs/materia/2015/03/25/Goulash.jpg,"Apesar de ter origem húngara, o Goulash se tornou um prato bastante popular na Alemanha com o passar dos anos. Em resumo, trata-se de um ensopado de carne. Para o seu caldo suculento, o ideal é cortar a carne em pequenos cubos e acrescentar bastante cebola e páprica doce. Na maioria dos casos, é servido junto com macarrão ou batatas.",https://receitas.globo.com/receitas-da-tv/tempero-de-familia/goulash-receita-alema-de-ensopado-gnt.ghtml
Arábia Saudita,Arroz de lentilha com cebola frita,https://s2-receitas.glbimg.com/ODdxC2cpMLg8gMXXF0aZTsibWiE=/0x0:984x656/984x0/smart/filters:strip_icc()/i.s3.glbimg.com/v1/AUTH_1f540e0b94d8437dbbc39d567a1dee68/internal_photos/bs/2020/P/U/ohRKWuTnidiPhfdcbEag/arroz-de-lentilha-com-cebola-frita.jpg,"O arroz com lentilha e cebola frita, também conhecido como Mjadra, é um prato bastante popular na cozinha árabe. E o grande segredo dessa receita está no uso da água do cozimento da lentilha no preparo do arroz, trazendo ainda mais sabor para o grão. E a cebola frita, além de sabor, traz uma crocância especial à receita.",https://receitas.globo.com/receitas-da-tv/e-de-casa/arroz-de-lentilha-com-cebola-frita.ghtml
Argélia,Couscous Royal,https://i.s3.glbimg.com/v1/AUTH_1f540e0b94d8437dbbc39d567a1dee68/internal_photos/bs/2026/F/k/KiKxtlQAa2DpEwMpuwpw/cuscuz-argelino.jpg,"O Couscous Royal é uma versão festiva do tradicional cuscuz argelino. O prato é preparado com sêmola de trigo cozida no vapor e servido com diferentes tipos de carne, como cordeiro e frango. A receita também acompanha legumes e um caldo com especiarias. Em muitas ocasiões é servido em celebrações e reuniões familiares.",https://receitas.globo.com/receitas-da-tv/mais-voce/couscous-royal-4d50741952e0b252bc0013d7.ghtml
Argentina,Parrilla,https://s2-receitas.glbimg.com/Q2fkUXQEHNO6yAw7S9tGBxVW870=/0x0:1242x700/984x0/smart/filters:strip_icc()/g.glbimg.com/og/gs/gsat5/f/thumbs/materia/2016/09/14/parrilla_argentina_-_thumb.jpg,"Apesar do churrasco ser bastante comum no Brasil, na Argentina ele se destaca por conta do seu diferente método de preparo. Na Parrilla, a carne é assada de maneira indireta pelo calor. O fogo é feito em uma câmara lateral e apenas a sua brasa é usada para queimar a carne. Com isso, o sabor original da carne é preservado, além de deixar o corte mais suculento.",https://receitas.globo.com/receitas-da-tv/tempero-de-familia/como-fazer-parrilla-aprenda-preparar-o-tipico-churrasco-argentino-gnt.ghtml
Austrália,Caramel slice,https://i.s3.glbimg.com/v1/AUTH_1f540e0b94d8437dbbc39d567a1dee68/internal_photos/bs/2022/p/B/A9rdaARLiI9dUvX1RMvQ/7t9a4336.jpg,"Caramel slice é uma sobremesa popular na Austrália, com recheio de caramelo e cobertura de chocolate. Porém, o diferencial está em sua massa, que leva açúcar mascavo, coco ralado, farinha e manteiga;",https://receitas.globo.com/receitas-da-tv/que-seja-doce/caramel-slice-gnt.ghtml
Áustria,Marzipã,https://s2-receitas.glbimg.com/FGYmKjo04NS0I4qVpz9A0eySipo=/0x0:1280x958/1360x0/smart/filters:strip_icc()/i.s3.glbimg.com/v1/AUTH_e84042ef78cb4708aeebdf1c68c6cbd6/internal_photos/bs/2021/N/X/bezlN2RSOrS9BN4RdzwA/marzipa.jpeg,"Bastante popular na Áustria e em outros países da Europa, o Marzipã é uma massa doce feita à base de dois ingredientes: amêndoas moídas e açúcar. Além disso, precisa de apenas mais um ingrediente para dar liga, podendo ser clara de ovo ou água de rosas. Com uma textura macia e sabor amendoado, é consumido junto ou separadamente de outros doces.",https://receitas.globo.com/regionais/rpc/estudio-c/marzipa-aprenda-a-fazer-esse-facil-e-delicioso-doce-austriaco-g.ghtml
Bélgica,Carbonade flamande,https://i.s3.glbimg.com/v1/AUTH_1f540e0b94d8437dbbc39d567a1dee68/internal_photos/bs/2026/s/O/BVEvnNR3GXMnAzX2i9vQ/designer.png,"Tradicional da culinária belga, a Carbonade flamande é um ensopado de carne bovina. No entanto, apesar de ser uma receita comum em outros países da Europa, na Bélgica o seu diferencial é o modo de preparo. A carne é cozida lentamente em cerveja escura — também muito comum no país.",https://receitas.globo.com/receitas-da-tv/diario-do-olivier/carbonade-flamande-carne-na-cerveja-belga-do-diario-do-olivier-gnt.ghtml
Bósnia e Herzegovina,Cevapi,https://s2-receitas.glbimg.com/uwUQ1uTVf0uLd19rLQ1kvrBqCF0=/0x0:1200x1600/984x0/smart/filters:strip_icc()/i.s3.glbimg.com/v1/AUTH_bc8228b6673f488aa253bbcb03c80ec5/internal_photos/bs/2022/t/r/V37uc2QB2orsWcaWhduA/cevapi-com-shopska-salata.jpeg,"O ćevapi (pronuncia-se “tchê-vá-pi”) é um prato típico de países como Sérvia e Bósnia. É basicamente composto por carne moída grelhada na forma de rodelas de carne - lembrando a nossa conhecida almôndega - , geralmente servida com pão pita (como um pão sírio mais grosso) e cebola.",https://receitas.globo.com/dietas/saudavel/c-a-copa-na-mesa-receitas-de-brasil-servia-suica-e-camaroes.ghtml
Cabo Verde,Arroz jollof,https://i.s3.glbimg.com/v1/AUTH_1f540e0b94d8437dbbc39d567a1dee68/internal_photos/bs/2025/U/A/3sWIjvRVqIiA5pAW3t1Q/arroz-jollof.jpg,"O Arroz jollof é servido com frequência em datas comemorativas nos países da denominada África Ocidental, como Benim, Nigéria, Gana, Senegal e Cabo Verde. Conhecido pela sua corte avermelhada, o arroz é cozido no forno e pode levar diferentes tipos de carnes e peixes.",https://receitas.globo.com/series-originais/funcionario-do-mes/arroz-jollof-com-camarao-grelhado-gnt.ghtml
Catar,Machboos,https://s2-receitas.glbimg.com/L5tofCNXz7G78-gS7eGclhTmFUI=/0x0:2048x1536/984x0/smart/filters:strip_icc()/i.s3.glbimg.com/v1/AUTH_1f540e0b94d8437dbbc39d567a1dee68/internal_photos/bs/2022/f/k/r9TAnWQn6qNpSTcISxyQ/bardavid-34.jpeg,"Machboos é um prato típico do Catar. Feito com arroz basmati e frango, receita lembra a nossa galinhada, com o diferencial no uso das especiarias, fundamentais na culinária árabe, como canela, cravo, cardamomo, pimenta-do-reino, limão seco e louro.",https://receitas.globo.com/machboos.ghtml
Colômbia,Sancocho,https://i.s3.glbimg.com/v1/AUTH_1f540e0b94d8437dbbc39d567a1dee68/internal_photos/bs/2021/9/e/BIy6ovQiO7BqpiB0YhVA/haiti-repdom-93-of-140-.jpg,"O Sancocho é um ensopado bastante popular em parte da América Latina, mas que se destaca na Colômbia como um dos pratos típicos do país. Trata-se de uma sopa bastante espessa, farta e que conta com três ingredientes básicos: banana-da-terra, mandioca e batatas. Além disso também é cozido com diferentes carnes e temperos. A espiga de milho também é um dos ingredientes que ressalta o sabor do Sancocho.",https://receitas.globo.com/receitas-da-tv/tempero-de-familia/sancocho-hilbert-aprende-fazer-prato-tradicional-colombiano-gnt.ghtml
Costa do Marfim,Denguê,https://s2-receitas.glbimg.com/nLCtw06ixwXOy5sptkwh5FldDZg=/0x0:1366x900/1000x0/smart/filters:strip_icc()/i.s3.glbimg.com/v1/AUTH_1f540e0b94d8437dbbc39d567a1dee68/internal_photos/bs/2026/n/s/VFfFAQRrCEdsrNyhrxzA/dengue-doce-africano.jpg,"O Denguê é uma sobremesa leve e refrescante, tradicional das famílias da Costa do Marfim. Com apenas cinco ingredientes, o doce é fácil preparar. Basta fazer um leite fermentado caseiro com leite em pó dissolvido em água e iogurte natural. O resultado é uma sobremesa extremamente cremosa.",https://receitas.globo.com/tipos-de-prato/doces-e-sobremesas/dengue-sobremesa-africana-sem-gluten-leva-5-ingredientes.ghtml
Croácia,Soparnik,https://s2-receitas.glbimg.com/H7DXS2PQa7oJR3V046osJdCwp80=/0x0:612x408/984x0/smart/filters:strip_icc()/i.s3.glbimg.com/v1/AUTH_bc8228b6673f488aa253bbcb03c80ec5/internal_photos/bs/2022/z/P/HpwA2oTjSiosBxTOdiNw/soparnik-eu-atleta.jpg,"A Croácia é um país da Europa Oriental que tem como prato típico o Soparnik! Feito no forno, com massa crocante e recheio de acelga, os croatas acreditam que o Soparnik serviu de inspiração para a pizza. Sua massa é simples, feita a partir de farinha, água, sal e azeite.",https://receitas.globo.com/dietas/saudavel/c-a-copa-na-mesa-receitas-de-belgica-canada-marrocos-e-croacia.ghtml
Curaçao,Sopa de iguana,https://i.s3.glbimg.com/v1/AUTH_1f540e0b94d8437dbbc39d567a1dee68/internal_photos/bs/2026/S/p/PcUCAzQnWwQ8a3ECzOMg/sopa-de-iguana.png,"A sopi di yuna, ou sopa de iguana, é uma das iguarias de Curaçao. Por ser um animal em abundância na região, receitas com a carne do réptil são comuns no país. A sopa de iguana nada mais é do que um caldo com legumes. Porém, como no Brasil a iguana é um animal silvestre, adaptamos o cozido com carne de frango. ",https://receitas.globo.com/tipos-de-prato/sopas/sopa-de-iguana-com-frango.ghtml
Egito,Arroz egípcio,https://s2-receitas.glbimg.com/pZbhZUu7GZR3BTy0dqz2vcEzNqE=/0x0:795x443/1360x0/smart/filters:strip_icc()/i.s3.glbimg.com/v1/AUTH_e84042ef78cb4708aeebdf1c68c6cbd6/internal_photos/bs/2021/O/m/EjEkuTTgmADHHw3yr6tw/bolachinhas.jpg,"A bolacha egípcia, também conhecida como bolacha shayat, é uma sobremesa milenar do Antigo Egito. Servida com chás e cafés, o diferencial desta receita está na sua massa, que conta com tâmaras e chufas - um tubérculo de pequena dimensão muito semelhante ao grão de bico.",https://receitas.globo.com/regionais/rpc/estudio-c/receita-de-bolachinha-egipcia-g.ghtml
Equador,Encocado,https://s2-receitas.glbimg.com/8Altt4u_G78WS2mv8k49jTrdEls=/0x0:3000x2544/984x0/smart/filters:strip_icc()/i.s3.glbimg.com/v1/AUTH_1f540e0b94d8437dbbc39d567a1dee68/internal_photos/bs/2021/y/S/9i7e7YSyGx7djAgb3AAA/equador-110-of-198-.jpg,"O Encocado é um prato tradicional do Equador e bastante parecido com a Moqueca de peixe do Brasil. As duas receitas são à base de peixe e leite de coco, porém, o diferencial está no tempero. O Encocado é marcado pelo gosto do cominho e alho refogado. ",https://receitas.globo.com/receitas-da-tv/tempero-de-familia/encocado-gnt.ghtml
Escócia,Shortbread,https://i.s3.glbimg.com/v1/AUTH_1f540e0b94d8437dbbc39d567a1dee68/internal_photos/bs/2026/4/m/KXNbeUShCWGyPDjwzIWg/butter-cookies.jpg,"O Shortbread é um biscoito tradicional da Escócia e tem uma massa leve, que desmancha na boca. A receita se diferencia por ter um sabor amanteigado e necessidade de descansar na geladeira por cerca de quatro horas. O Shortbread é ideal para acompanhar cafés, chás e outras sobremesas.",https://receitas.globo.com/receitas-da-tv/alma-de-cozinheira/shortbread-com-confit-de-pera-e-manchego.ghtml
Espanha,Paella,https://i.s3.glbimg.com/v1/AUTH_1f540e0b94d8437dbbc39d567a1dee68/internal_photos/bs/2022/H/U/cK5n3IT6ACcbda2FBBNA/paella-de-frutos-do-mar.jpg,"A Paella é uma receita típica Espanhola que mistura especiarias, temperos, frutos do mar e arroz parboilizado. Apesar de levar vários ingredientes, como alho, tomate, pimentão, açafrão, vagem, ervilha, sal, pimenta-do-reino e azeite, é feita em uma panela só. Uma ótima opção para ocasiões especiais.",https://receitas.globo.com/receitas-da-tv/mais-voce/paella-4d50720a52e0b252bc001285.ghtml
Fraça,Steak tartare,https://i.s3.glbimg.com/v1/AUTH_1f540e0b94d8437dbbc39d567a1dee68/internal_photos/bs/2025/D/1/hUREBTSXyJYLug2R0Vow/steak-tartare.jpg,"Um clássico da alta gastronomia francesa, o Steak tartare é um prato que serve como entrada ou prato principal. Feito com carne e servido cru, a receita se destaca pela qualidade do corte, geralmente filé mignon, temperado com mostarda Dijon, alcaparras, picles, cebola roxa. Sua finalização consiste uma gema de ovo crua em cima do bolo de carne.",https://receitas.globo.com/receitas-da-tv/mais-voce/steak-tartar-da-ana-maria-fd18ed88-e6d4-48dd-aec0-9bea36457a6d.ghtml
Gana,Banku,https://s2-receitas.glbimg.com/3Z40eeb09zbxbes83hjmhanr5LE=/0x0:1254x836/984x0/smart/filters:strip_icc()/i.s3.glbimg.com/v1/AUTH_bc8228b6673f488aa253bbcb03c80ec5/internal_photos/bs/2022/U/s/vrnrlASHCyZP0um2LGJA/istock-1411039389.jpg,"O Banku são bolos de massa fermentada de milho e mandioca servidas com sopas ou cozidos. Segundo a Embaixada de Gana no Brasil, o Banku é um dos principais pratos da culinária ganense. Feito com mandioca e milho fermentados, dois ingredientes que servem como base da alimentação do país.",https://receitas.globo.com/dietas/saudavel/c-a-copa-na-mesa-receitas-de-portugal-gana-uruguai-e-coreia-do-sul.ghtml
Haiti,Griot,https://s2-receitas.glbimg.com/04PtvugwvZktfgeKv0wteB09m4s=/0x0:4716x3144/1000x0/smart/filters:strip_icc()/i.s3.glbimg.com/v1/AUTH_1f540e0b94d8437dbbc39d567a1dee68/internal_photos/bs/2021/s/4/tXIN0ATzyaCveRvspnrg/haiti-repdom-98-of-140-.jpg,"Griot é um prato tradicional do Haiti feito com pernil frito e marinado, acompanhado de banana-da-terra frita. A receita também leva outros ingredientes, como cebola, pimentão, pimenta e laranja. Com o objetivo de deixar o pernil mais saboroso e suculento, o recomendado é deixá-lo marinando por, no mínimo, quatro horas.",https://receitas.globo.com/receitas-da-tv/tempero-de-familia/griot-gnt.ghtml
Holanda,Frikandel,https://s2-receitas.glbimg.com/GH7ed-mbKLAaF1FvqQPxcRF51hE=/0x0:1135x924/984x0/smart/filters:strip_icc()/i.s3.glbimg.com/v1/AUTH_bc8228b6673f488aa253bbcb03c80ec5/internal_photos/bs/2022/U/2/rSPL0yThAKvAQEBQnQ2Q/prato-tipico-holanda.jpg,"O Frikandel é um petisco bastante comum nos Países Baixos, principalmente na região da Holanda. Parecido com o croquete do Brasil, trata-se de um bolinho de carne picada, podendo ser de boi, frango ou pouco, em formato de salsicha, empanado em farinha de rosca e frito. É uma ótima opção de petisco. ",https://receitas.globo.com/dietas/saudavel/c-copa-do-mundo-receitas-de-catar-holanda-senegal-e-equador.ghtml
Inglaterra,Bife Wellington,https://s2-receitas.glbimg.com/NMNEE1L6iTqGzWikJ1uZf6FD0YM=/0x0:1920x1080/984x0/smart/filters:strip_icc()/i.s3.glbimg.com/v1/AUTH_1f540e0b94d8437dbbc39d567a1dee68/internal_photos/bs/2022/h/9/ciavnXRm6UXZQjFkyAFg/bife-wellington.jpg,"O Bife Wellington é uma das especialidade da culinária inglesa. Com filé-mignon, presunto cru, pasta de cogumelos e massa folhada pronta, é uma ótima opção para ocasiões especiais. Apesar de exigir um pouco de técnica no seu preparo, o resultado é uma suculenta carne coberta por uma crosta dourada.",https://receitas.globo.com/tipos-de-prato/carnes/bife-wellington.ghtml
Iraque,Hrise de carne,https://s2-receitas.glbimg.com/fDYzAhs3kMZYmCr-M_h-3r5wHRo=/0x0:1920x1080/984x0/smart/filters:strip_icc()/i.s3.glbimg.com/v1/AUTH_1f540e0b94d8437dbbc39d567a1dee68/internal_photos/bs/2023/X/9/kBOrGpTzufYz3KkGelvQ/hrise-de-carne-com-fattoush-do-kaysar-dadour-copiar.jpg,"Conhecido também com o harisa ou harise, o prato é uma iguaria muito famosa em países árabes, como Síria, Líbano e Iraque. Feito a partir de patinho moído e trigo grosso, o Hrise de carne é umas espécie de mingau cremoso de carne e que fica ainda mais completo quando acompanhando por uma salada.",https://receitas.globo.com/receitas-da-tv/panelaco/hrise-de-carne-com-fattoush.ghtml
Japão,Okonomiyaki,https://s2-receitas.glbimg.com/r0nCqaVtAVlZgfs6MwXHhhTM2TU=/0x0:1600x900/984x0/smart/filters:strip_icc()/i.s3.glbimg.com/v1/AUTH_1f540e0b94d8437dbbc39d567a1dee68/internal_photos/bs/2023/A/T/6UrA0AQzaAv28cFoXe8Q/okonomiyaki-panqueca-japonesa-como-fazer.jpg,"O Okonomiyaki é um prato da culinária japonesa que surgiu durante a Segunda Guerra Mundial por conta da escassez de arroz. Trata-se de uma panqueca, que, na sua versão mais popular, é feita com farinha de trigo e repolho. Porém, outros ingredientes podem ser adicionados. ""Okonomi"" pode ser traduzido como ""o que você preferir"" e ""yaki"" significa grelhado.",https://receitas.globo.com/tipos-de-prato/massas/okonomiyaki-panqueca-de-repolho-japonesa.ghtml
Jordânia,Falafel,https://i.s3.glbimg.com/v1/AUTH_1f540e0b94d8437dbbc39d567a1dee68/internal_photos/bs/2023/u/O/kX7KDQSByZ6OgITppxbA/capa-materias-site-2023-10-25t144818.796.png,"Falafel é um bolinho de grão-de-bico frito que leva também coentro, fava seca, noz moscada e pimenta síria. Considerado uma comida de rua comum em vários países árabes, a origem do falafel é um verdadeiro debate. Presente em toda cultura do Oriente Médio, incluindo a Jordânia, é um prato popular em toda a região.",https://receitas.globo.com/regionais/rpc/estudio-c/receita-facil-de-falafel-comida-arabe-nutritiva-e-deliciosa.ghtml
Marrocos,Tajine,https://s2-receitas.glbimg.com/i4ZbUcvIIj42ibunx0ZxZbPNyC4=/0x0:1920x1080/984x0/smart/filters:strip_icc()/i.s3.glbimg.com/v1/AUTH_1f540e0b94d8437dbbc39d567a1dee68/internal_photos/bs/2023/B/x/DNkClATiC5FLRnUAzBvw/fileuploads-245771-7158299-27-fd339dfbe49df3aaaff0a9d406532db8-still0927-00003.png,"Tajine é um prato tradicional típico de diversos países do norte de África, sobretudo de Marrocos, onde se originou. Trata-se de um ensopado que combina diferentes carnes com legumes, frutas secas e algumas especiarias. A receita leva o mesmo nome da panela de barro em que é preparada, que possui uma tampa projetada para reter o vapor dos ingredientes.",https://receitas.globo.com/regionais/rpc/estudio-c/receita-de-tajine.ghtml
Noruega,Lapskaus de legumes,https://i.s3.glbimg.com/v1/AUTH_1f540e0b94d8437dbbc39d567a1dee68/internal_photos/bs/2024/Y/5/I1AeruT42njFjB4tiXPg/cozido-noruegues-de-legumes-com-cerveja-lapskaus.jpg,"Lapskaus é como se chama o apetitoso cozido norueguês que leva cerveja durante o seu preparo. Pode ser feito à base de carne bovina, suína, vegetais e raízes, como batata e cenoura. Na maioria dos casos, o prato é combinado com uma cerveja escura, que serve para criar um caldo denso e caramelizado.",https://receitas.globo.com/receitas-da-tv/cozinha-pratica/cozido-noruegues-de-legumes-com-cerveja-lapskaus.ghtml
Nova Zelândia,Fish and chips,https://i.s3.glbimg.com/v1/AUTH_1f540e0b94d8437dbbc39d567a1dee68/internal_photos/bs/2024/X/z/ILA0LoT0SJ1O9E28gu5g/fish-and-chips-receita.jpg,"Herdado da cultura britânica, o filé de peixe com batata se tornou um dos pratos mais simbólicos da Nova Zelândia. Como o país é composto, principalmente, por duas grandes ilhas e cortado pelo Oceano Pacífico, o consumo de frutos do mar é alto. Então, é fácil encontrar porções generosas de peixe frito com batata frita pelas cidades da região.",https://receitas.globo.com/receitas-da-tv/mais-voce/fish-and-chips-peixe-empanado-com-batata-frita.ghtml
Panamá,Sopa borracha,https://s2-receitas.glbimg.com/O05XrsSWNTyAO4uBf8EoSkOqBlw=/0x0:984x656/984x0/smart/filters:strip_icc()/i.s3.glbimg.com/v1/AUTH_1f540e0b94d8437dbbc39d567a1dee68/internal_photos/bs/2023/r/T/WCItztS2AhTawcGylrsg/sopa-borracha-receita.jpg,"A Sopa borracha é uma sobremesa tradicional no Panamá. Feita com pão de ló, calda de rum, uva passa e vinho, o prato pode até confundir no nome, mas seu sabor não deixa dúvidas. Bem longe de ser um ensopado, trata-se de fatias de pão de ló regadas por uma calda doce. A montagem da Sopa de borracha é simples, podendo ser feita em um copo ou taça.",https://receitas.globo.com/receitas-da-tv/tempero-de-familia/sopa-de-borracha-gnt.ghtml
Paraguai,Sopa paraguaia,https://i.s3.glbimg.com/v1/AUTH_1f540e0b94d8437dbbc39d567a1dee68/internal_photos/bs/2021/Q/K/uz8ncrTJmATaxA7qAHDw/paraguai-135-of-172-.jpg,"Apesar do nome, a Sopa paraguaia é, na verdade, uma torta de milho com cebola, ovos e queijo. O prato faz parte da culinária pantaneira e surgiu durante a Guerra do Paraguai, quando soldados levavam a sopa líquida na bagagem, que sempre derramava. Com isso, resolveram acrescentar farinha de milho para mudar a textura do prato.",https://receitas.globo.com/receitas-da-tv/tempero-de-familia/sopa-paraguaia-gnt.ghtml
Portugal,Bolinho de bacalhau,https://i.s3.glbimg.com/v1/AUTH_1f540e0b94d8437dbbc39d567a1dee68/internal_photos/bs/2024/Q/O/HNDnq7SbKrH2BByPE4bQ/capa-home.jpg,"O Bolinho de bacalhau é uma das grandes especialidades da gastronomia portuguesa. Acredita-se que a receita surgiu no final do século XIX e ganhou mais força após a chegada da Família Real no Brasil. E o melhor desse petisco é a necessidade de poucos ingredientes: bacalhau desfiado, batata, farinha de rosca, ovo e temperos.",https://receitas.globo.com/receitas-da-tv/mais-voce/bolinho-de-bacalhau-sem-erro-52bd64c64d38851fb300003f.ghtml
RD do Congo,Sekelembe,https://s2-receitas.glbimg.com/yo-_hOi_e1364s7r7zPDVKYG_F4=/0x0:1170x662/1000x0/smart/filters:strip_icc()/i.s3.glbimg.com/v1/AUTH_1f540e0b94d8437dbbc39d567a1dee68/internal_photos/bs/2024/w/c/hvcxV3THKXEO6UhJQM6Q/photo-2024-11-18-12-51-45-2-.jpg,"O Sekelembe é um prato tradicional da República Democrática do Congo e traz uma combinação de sabores e texturas. Com suas folhas secas, que trazem um toque único, o molho à base de pasta de amendoim proporciona cremosidade e um sabor delicioso.",https://receitas.globo.com/receitas-da-tv/vim-de-la-comidas-pretas/sekelembe-com-fufu-do-chez-kimberly.ghtml
República da Coreia,hot dog coreano,https://publish.img.video.globoi.com/640x360/14253109.jpg,"O hot dog coreano é um lanche que consiste em salsicha empanada e frita. Trata-se de uma variação do corn dog, popular nos Estados Unidos e que leva uma cobertura de fubá. A versão da Coreia do Sul possui uma massa mais leve à base de farinha de trigo.",https://receitas.globo.com/tipos-de-prato/paes-e-salgados/hot-dog-coreano-facil-para-o-lanche.ghtml
RI Irã,Tahchin,https://s2-receitas.glbimg.com/AdclFR8-hKSaPNj8XqeGYOZRkfM=/0x0:1280x960/984x0/smart/filters:strip_icc()/s2.glbimg.com/-U-2xfHg-S6Fdhae0qapokIRnSE%3D/s.glbimg.com/et/gs/f/original/2016/12/06/whatsapp_image_2016-12-06_at_09.25.58.jpeg,"Um clássico da culinária iraniana, o Tahchin é uma espécie de bolo de arroz salgado. Depois de cozido, o grão é misturado com açafrão, iogurte e ovos até virar uma massa. Em seguida, é recheado com o frango, cordeiro ou até mesmo vegetais, e assado até se formar uma crosta dourada e crocante. ",https://receitas.globo.com/receitas-da-tv/mais-voce/tahchin-arroz-com-frango-e-iogurte-69314ec4-21c6-43e3-a8ef-2b316b211621.ghtml
Senegal,Arroz jollof,https://i.s3.glbimg.com/v1/AUTH_1f540e0b94d8437dbbc39d567a1dee68/internal_photos/bs/2025/U/A/3sWIjvRVqIiA5pAW3t1Q/arroz-jollof.jpg,"O Arroz jollof é servido com frequência em datas comemorativas nos países da denominada África Ocidental, o Senegal. Conhecido pela sua cor avermelhada, o arroz é cozido no forno e pode levar diferentes tipos de carnes e peixes.",https://receitas.globo.com/series-originais/funcionario-do-mes/arroz-jollof-com-camarao-grelhado-gnt.ghtml
Suécia,Batata hasselback,https://i.s3.glbimg.com/v1/AUTH_1f540e0b94d8437dbbc39d567a1dee68/internal_photos/bs/2021/I/A/AQ2RyARB2yWc736TH3Pw/batata-hasselback-receita.jpg,"A batata sueca, conhecida popularmente como Batata Hasselback, é conhecida pelo seu corte em finas fatias sem desmanchá-la totalmente. Em uma receita mais simples e rápida, as batatas são colocadas pra assar com manteiga, azeite e alho. A intenção é que elas fiquem crocantes por fora e macias por dentro. No entanto, a receita pode ser incrementada com molhos e servirem de acompanhamento para outros pratos, como carnes.",https://receitas.globo.com/tipos-de-prato/acompanhamentos/batata-hasselback-do-chef-roberto-ravioli.ghtml
Suíça,Batata rosti,https://s2-receitas.glbimg.com/-PY4JVTCxRW0fJMlgRGLGHDe2Qw=/0x0:924x763/984x0/smart/filters:strip_icc()/i.s3.glbimg.com/v1/AUTH_e84042ef78cb4708aeebdf1c68c6cbd6/internal_photos/bs/2020/n/J/tZe2UfRPe3Y30XFsnWBg/batata-rostie-receita.jpg,"A batata rosti é uma receita de origem suíça muito simples e fácil de fazer. Trata-se também de um prato versátil, já que combina com diversos tipos de recheios. A que funciona melhor na receita é a batata Asterix, por ser mais sequinha. Durante o preparo, a batata é cozida, levada à geladeira e somente depois descascada, ralada e mistura ao recheio.",https://receitas.globo.com/receitas-da-tv/e-de-casa/batata-rostie-eb1f2543-904f-47fc-91b4-9a17da97a185.ghtml
Tchéquia,Goulash Tcheco,https://s2-receitas.glbimg.com/Nr4_3lzwJ-1_VQScspfII8Bq5tY=/0x0:2048x1152/984x0/smart/filters:strip_icc()/i.s3.glbimg.com/v1/AUTH_1f540e0b94d8437dbbc39d567a1dee68/internal_photos/bs/2023/Y/b/v7Pbv8QAuqyBezPavccQ/goulash.jpg,"A gastronomia da Tchéquia tem como base diferentes tipos de carnes e ensopados. Por conta disso, o país possui sua própria versão do Goulash, prato de origem húngara. O Goulash tcheco é um ensopado de carne bovina, cebola e páprica defumada. Na região, costuma ser servido junto com fatias de pão.",https://receitas.globo.com/receitas-da-tv/alma-de-cozinheira/goulash.ghtml
Tunísia,Cuscuz tunisiano,https://s2-receitas.glbimg.com/4tJRgZ01aacfjUKDjXFWERW-xk0=/0x0:1280x1280/984x0/smart/filters:strip_icc()/i.s3.glbimg.com/v1/AUTH_bc8228b6673f488aa253bbcb03c80ec5/internal_photos/bs/2022/F/b/SC02GbTkAzXBixqBho3w/cuscuz-tunisiano-mineiro-tunisia.jpeg,"Conhecido em diversas culturas, o cuscuz é um alimento bem versátil. Preparado com sêmola de trigo duro, é um prato perfumado que pode ser feito com grãos variados, como cevada, milho, sorgo, grão de bico. Popular em diversos países, na Tunísia costuma ser feito com pimenta fresca, alho e azeite.",https://receitas.globo.com/dietas/saudavel/a-copa-na-mesa-receitas-de-franca-australia-dinamarca-e-tunisia.ghtml
Turquia,Kebab,https://s2-receitas.glbimg.com/oIgnq1xCOjU95lIL2Ly6HXt6Nss=/0x0:984x555/984x0/smart/filters:strip_icc()/i.s3.glbimg.com/v1/AUTH_1f540e0b94d8437dbbc39d567a1dee68/internal_photos/bs/2023/0/6/69YhBPStaAWB8WQBHkVg/receita-kebab-no-espeto.jpg,"O Kebab é uma receita de origem milenar do Oriente Médio e da Turquia. O seu nome deriva do persa e do turco, e pode ser traduzido como ""carne grelhada"". Composto à base de carne, temperos e alguns vegetais, uma massa é formada e moldada em formato cilíndrico. Na maioria das vezes é servido no espetinho, mas também funciona como recheio para sanduíches.",https://receitas.globo.com/receitas-da-tv/tempero-de-familia/receita-de-kebab-de-carne-bovina-no-espeto-gnt.ghtml
Uruguai,Assado de tira e bife parrillero,https://s2-receitas.glbimg.com/6yThR7b2A5WChn3bcPviJoqLe2M=/0x0:4000x2770/1000x0/smart/filters:strip_icc()/i.s3.glbimg.com/v1/AUTH_1f540e0b94d8437dbbc39d567a1dee68/internal_photos/bs/2021/v/6/ZjNIFmSh2iyZDiJQbXMw/churrasco-uruguaio.jpg,"O churrasco uruguaio é um clássico do país latino-americano. Famoso pelo uso do chimichurri nas suas carnes, a forma como se prepara os cortes também é um grande diferencial da região. O assado de tira é, na verdade, uma costela, enquanto o bife parrillero trata-se de um bife de chorizo feito com contrafilé ao molho pararrillero.",https://receitas.globo.com/blog/cardapios/receita-tradicionais-do-uruguai-aprenda-gnt.ghtml
Uzbequistão,Pilaf,https://s2-receitas.glbimg.com/jYbAXivH_Zaf49Q7yGzJWg8msCA=/0x0:1080x608/1000x0/smart/filters:strip_icc()/i.s3.glbimg.com/v1/AUTH_1f540e0b94d8437dbbc39d567a1dee68/internal_photos/bs/2023/R/5/hP5FmESDipRRKHEZ7wQA/capa-materias-site-2023-11-02t105121.311.png,"Pilaf é um prato de arroz que se originou na Pérsia e é popular em todo o Oriente Médio e na Ásia Central, em países como o Uzbequistão. No país, o prato costuma ser preparado com carne (de cordeiro ou de boi) e diversos legumes. No entanto, há também diversas receitas que levam apenas vegetais. O grande segredo é o arroz soltinho.",https://receitas.globo.com/regionais/rpc/estudio-c/pilaf-de-arroz-libanes-com-aletria.ghtml